{
	"credit": "Made with Blockbench",
	"texture_size": [40, 32],
	"textures": {
		"0": "item/hats/beanie_redstone",
		"particle": "item/hats/beanie_redstone"
	},
	"elements": [
		{
			"from": [4, 0, 4],
			"to": [12, 2, 12],
			"rotation": {"angle": 0, "axis": "y", "origin": [4, 0, 4]},
			"faces": {
				"north": {"uv": [3.2, 4, 6.4, 5], "texture": "#0"},
				"east": {"uv": [0, 4, 3.2, 5], "texture": "#0"},
				"south": {"uv": [9.6, 4, 12.8, 5], "texture": "#0"},
				"west": {"uv": [6.4, 4, 9.6, 5], "texture": "#0"},
				"up": {"uv": [6.4, 4, 3.2, 0], "texture": "#0"},
				"down": {"uv": [9.6, 0, 6.4, 4], "texture": "#0"}
			}
		},
		{
			"name": "layer1",
			"from": [4.25, 1.5, 4.25],
			"to": [11.75, 3.5, 11.75],
			"rotation": {"angle": 0, "axis": "y", "origin": [4, -1, 4]},
			"faces": {
				"north": {"uv": [2.8, 8.5, 5.6, 9.5], "texture": "#0"},
				"east": {"uv": [0, 8.5, 2.8, 9.5], "texture": "#0"},
				"south": {"uv": [8.4, 8.5, 11.2, 9.5], "texture": "#0"},
				"west": {"uv": [5.6, 8.5, 8.4, 9.5], "texture": "#0"},
				"up": {"uv": [5.6, 8.5, 2.8, 5], "texture": "#0"},
				"down": {"uv": [8.4, 5, 5.6, 8.5], "texture": "#0"}
			}
		},
		{
			"name": "layer2",
			"from": [5, 3.5, 5],
			"to": [11, 4.5, 11],
			"rotation": {"angle": 0, "axis": "y", "origin": [5, 4, 5]},
			"faces": {
				"north": {"uv": [2.4, 12.5, 4.8, 13], "texture": "#0"},
				"east": {"uv": [0, 12.5, 2.4, 13], "texture": "#0"},
				"south": {"uv": [7.2, 12.5, 9.6, 13], "texture": "#0"},
				"west": {"uv": [4.8, 12.5, 7.2, 13], "texture": "#0"},
				"up": {"uv": [4.8, 12.5, 2.4, 9.5], "texture": "#0"},
				"down": {"uv": [7.2, 9.5, 4.8, 12.5], "texture": "#0"}
			}
		},
		{
			"name": "layer3",
			"from": [6, 4, 6],
			"to": [10, 5, 10],
			"rotation": {"angle": 0, "axis": "y", "origin": [6, 5, 6]},
			"faces": {
				"north": {"uv": [11.2, 11.5, 12.8, 12], "texture": "#0"},
				"east": {"uv": [9.6, 11.5, 11.2, 12], "texture": "#0"},
				"south": {"uv": [14.4, 11.5, 16, 12], "texture": "#0"},
				"west": {"uv": [12.8, 11.5, 14.4, 12], "texture": "#0"},
				"up": {"uv": [12.8, 11.5, 11.2, 9.5], "texture": "#0"},
				"down": {"uv": [14.4, 9.5, 12.8, 11.5], "texture": "#0"}
			}
		}
	],
	"display": {
		"thirdperson_righthand": {
			"rotation": [20, -144, 0],
			"translation": [0, 5, 0],
			"scale": [0.6, 0.6, 0.6]
		},
		"thirdperson_lefthand": {
			"rotation": [20, -144, 0],
			"translation": [0, 5, 0],
			"scale": [0.6, 0.6, 0.6]
		},
		"firstperson_righthand": {
			"rotation": [16, -171, 0],
			"translation": [0, 8.5, 1.75],
			"scale": [0.75, 0.75, 0.75]
		},
		"firstperson_lefthand": {
			"rotation": [16, -171, 0],
			"translation": [0, 8.5, 1.75],
			"scale": [0.75, 0.75, 0.75]
		},
		"ground": {
			"translation": [0, 3.75, 0],
			"scale": [0.75, 0.75, 0.75]
		},
		"gui": {
			"rotation": [25, -145, 0],
			"translation": [0, 6.25, 0],
			"scale": [1.25, 1.25, 1.25]
		},
		"head": {
			"translation": [0, 19, 0],
			"scale": [1.9, 1.9, 1.9]
		},
		"fixed": {
			"rotation": [0, 45, 0],
			"translation": [0, 5.25, 0]
		}
	},
	"groups": [
		{
			"name": "brim",
			"origin": [0, 0, 0],
			"color": 0,
			"children": [0]
		},
		{
			"name": "hat",
			"origin": [8, 8, 8],
			"color": 0,
			"children": [1, 2, 3]
		}
	]
}